author,coauthor,count
"Qiu, Xipeng","Li, Linyang",4
"Li, Yongbin","Huang, Fei",4
"Huang, Xuanjing","Chen, Wei",3
"Wei, Zhongyu","Chen, Wei",3
"Okazaki, Naoaki","Kaneko, Masahiro",3
"Uchendu, Adaku","Lee, Dongwon",3
"Zhang, Kaipeng","Qiao, Yu",3
"Wei, Zhongyu","Huang, Xuanjing",3
"Sun, Maosong","Liu, Zhiyuan",3
"Wang, Lei","Lim, Ee-Peng",3
"Xiong, Caiming","Laban, Philippe",3
"Liu, Xiao","Dong, Yuxiao",3
"Ji, Heng","Chen, Yangyi",3
"Yuan, Lifan","Ji, Heng",3
"Zeng, Aohan","Liu, Xiao",3
"Yuan, Lifan","Chen, Yangyi",3
"Zeng, Aohan","Dong, Yuxiao",3
"Zeng, Aohan","Tang, Jie",3
"Tang, Jie","Liu, Xiao",3
"Han, Jiaming","Gao, Peng",3
"Liang, Yaobo","Duan, Nan",3
"Tang, Jie","Dong, Yuxiao",3
"Tu, Zhaopeng","Jiao, Wenxiang",3
"Wu, Xiaoxia","He, Yuxiong",3
"Zhao, Yilun","Cohan, Arman",3
"Zhao, Yilun","Nan, Linyong",3
"Wu, Chien-Sheng","Laban, Philippe",3
"Tu, Zhaopeng","Shi, Shuming",3
"Tang, Ruixiang","Hu, Xia",3
"Hu, Xia","Han, Xiaotian",3
"Wang, Wenxuan","Huang, Jen-tse",3
"Yao, Zhewei","Wu, Xiaoxia",3
"Yao, Zhewei","He, Yuxiong",3
"Yao, Bingsheng","Wang, Dakuo",3
"Zhang, Renrui","Li, Hongsheng",3
"Nan, Linyong","Cohan, Arman",3
"Wang, Benyou","Wan, Xiang",3
"Wang, Wenxuan","Jiao, Wenxiang",3
"Wang, Wenxuan","Tu, Zhaopeng",3
"Xiong, Caiming","Wu, Chien-Sheng",3
"Jiao, Wenxiang","Huang, Jen-tse",3
"Tu, Zhaopeng","Huang, Jen-tse",3
"Yu, Dong","Yao, Wenlin",3
"Zhao, Sendong","Qin, Bing",2
"Zhao, Sendong","Chen, Yuhan",2
"Zhao, Sendong","Du, Yanrui",2
"Qin, Bing","Du, Yanrui",2
"Shareghi, Ehsan","Liu, Fangyu",2
"Du, Yanrui","Chen, Yuhan",2
"Zhang, Kaipeng","Han, Jiaming",2
"Korbak, Tomasz","Kaufmann, Max",2
"Korbak, Tomasz","Evans, Owain",2
"Evans, Owain","Berglund, Lukas",2
"Evans, Owain","Balesni, Mikita",2
"Haller, Patrick","Akbik, Alan",2
"Shao, Wenqi","Qiao, Yu",2
"Zhang, Kaipeng","Shao, Wenqi",2
"Qiao, Yu","Gao, Peng",2
"Zhang, Kaipeng","Gao, Peng",2
"Zhang, Kaipeng","Yue, Xiangyu",2
"Yue, Xiangyu","Han, Jiaming",2
"Qin, Bing","Chen, Yuhan",2
"Yue, Xiangyu","Qiao, Yu",2
"Qiao, Yu","Han, Jiaming",2
"Yue, Xiangyu","Gao, Peng",2
"Xie, Cihang","Tu, Haoqin",2
"Hooker, Sara","Fadaee, Marzieh",2
"Shen, Zhiqiang","Neiswanger, Willie",2
"Wang, Xingyao","Peng, Hao",2
"Wang, Xingyao","Ji, Heng",2
"Yuan, Lifan","Wang, Xingyao",2
"Yuan, Lifan","Peng, Hao",2
"Peng, Hao","Chen, Yangyi",2
"Peng, Hao","Ji, Heng",2
"Shen, Zhiqiang","Liu, Zhengzhong",2
"Cheng, Wenhua","Cai, Yiyang",2
"Tao, Tianhua","Shen, Zhiqiang",2
"Tao, Tianhua","Neiswanger, Willie",2
"Tao, Tianhua","Liu, Zhengzhong",2
"Tao, Tianhua","Tan, Bowen",2
"Neiswanger, Willie","Liu, Zhengzhong",2
"Wang, Hongyi","Shen, Zhiqiang",2
"Wang, Xingyao","Chen, Yangyi",2
"Wei, Furu","Wang, Liang",2
"Yang, Nan","Wei, Furu",2
"Yang, Nan","Wang, Liang",2
"Yavuz, Semih","Liu, Ye",2
"Zhou, Yingbo","Yavuz, Semih",2
"Zhou, Yingbo","Liu, Ye",2
"Yu, Dong","Pan, Xiaoman",2
"Korbak, Tomasz","Berglund, Lukas",2
"Zhao, Bingchen","Xie, Cihang",2
"Zhao, Bingchen","Tu, Haoqin",2
"Chowdhury, Arijit Ghosh","Chadha, Aman",2
"Lv, Kaokao","Cai, Yiyang",2
"Lv, Kaokao","Cheng, Wenhua",2
"Shen, Haihao","Lv, Kaokao",2
"Shen, Haihao","Cai, Yiyang",2
"Shen, Haihao","Cheng, Wenhua",2
"Korbak, Tomasz","Balesni, Mikita",2
"Berglund, Lukas","Balesni, Mikita",2
"Tong, Meg","Evans, Owain",2
"Tang, Jie","Huang, Minlie",2
"Lei, Xuanyu","Huang, Minlie",2
"Lei, Xuanyu","Dong, Yuxiao",2
"Zeng, Aohan","Lei, Xuanyu",2
"Zeng, Aohan","Huang, Minlie",2
"Huang, Minlie","Dong, Yuxiao",2
"Tang, Jie","Lei, Xuanyu",2
"Hawasly, Majd","Boughorbel, Sabri",2
"Tong, Meg","Korbak, Tomasz",2
"Yuan, Youliang","Jiao, Wenxiang",2
"Yuan, Youliang","Wang, Wenxuan",2
"Yuan, Youliang","Huang, Jen-tse",2
"Yuan, Youliang","Tu, Zhaopeng",2
"Shi, Xiaoming","Ruan, Tong",2
"Kong, Chuyi","Jiang, Feng",2
"Liu, Xiao","Huang, Minlie",2
"Liu, Xiao","Lei, Xuanyu",2
"Lyu, Michael R.","Jiao, Wenxiang",2
"Lyu, Michael R.","Li, Eric John",2
"Lyu, Michael R.","Lam, Man Ho",2
"Lyu, Michael R.","Huang, Jen-tse",2
"Tu, Zhaopeng","Lyu, Michael R.",2
"Tu, Zhaopeng","Ren, Shujie",2
"Tu, Zhaopeng","Li, Eric John",2
"Tu, Zhaopeng","Lam, Man Ho",2
"Wang, Wenxuan","Lyu, Michael R.",2
"Wang, Wenxuan","Ren, Shujie",2
"Wang, Wenxuan","Li, Eric John",2
"Wang, Wenxuan","Lam, Man Ho",2
"Ren, Shujie","Lyu, Michael R.",2
"Ren, Shujie","Jiao, Wenxiang",2
"Ren, Shujie","Li, Eric John",2
"Wan, Xiang","Kong, Chuyi",2
"Wan, Xiang","Jiang, Feng",2
"Wang, Benyou","Kong, Chuyi",2
"Li, Hongsheng","Han, Jiaming",2
"Tong, Meg","Kaufmann, Max",2
"Tong, Meg","Balesni, Mikita",2
"Tong, Meg","Stickland, Asa Cooper",2
"Tong, Meg","Berglund, Lukas",2
"Kaufmann, Max","Evans, Owain",2
"Kaufmann, Max","Balesni, Mikita",2
"Kaufmann, Max","Berglund, Lukas",2
"Stickland, Asa Cooper","Evans, Owain",2
"Stickland, Asa Cooper","Korbak, Tomasz",2
"Stickland, Asa Cooper","Kaufmann, Max",2
"Stickland, Asa Cooper","Balesni, Mikita",2
"Stickland, Asa Cooper","Berglund, Lukas",2
"Wang, Hongyi","Neiswanger, Willie",2
"Li, Hongsheng","Gao, Peng",2
"Li, Hongsheng","Guo, Ziyu",2
"Wang, Benyou","Jiang, Feng",2
"Han, Jiaming","Guo, Ziyu",2
"Zhang, Renrui","Gao, Peng",2
"Zhang, Renrui","Han, Jiaming",2
"Zhang, Renrui","Guo, Ziyu",2
"Guo, Ziyu","Gao, Peng",2
"Nakov, Preslav","Li, Haonan",2
"Wang, Yuxia","Nakov, Preslav",2
"Wang, Sirui","Wang, Keheng",2
"Zhou, Tianyi","Chen, Lichang",2
"Zhou, Tianyi","Chen, Jiuhai",2
"Zhou, Tianyi","Li, Ming",2
"Chen, Lichang","Chen, Jiuhai",2
"Li, Ming","Chen, Lichang",2
"Li, Ming","Chen, Jiuhai",2
"Wang, Hongyi","Tao, Tianhua",2
"Li, Bingxuan","Huang, Xuanjing",2
"Wang, Hongyi","Liu, Zhengzhong",2
"Yang, Sijia","Chuang, Yun-Shiuan",2
"Yang, Sijia","Harlalka, Nikunj",2
"Yang, Sijia","Suresh, Siddharth",2
"Yang, Sijia","Hawkins, Robert",2
"Yang, Sijia","Shah, Dhavan",2
"Yang, Sijia","Hu, Junjie",2
"Yang, Sijia","Rogers, Timothy T.",2
"Shah, Dhavan","Chuang, Yun-Shiuan",2
"Shah, Dhavan","Goyal, Agam",2
"Shah, Dhavan","Harlalka, Nikunj",2
"Shah, Dhavan","Hawkins, Robert",2
"Shah, Dhavan","Hu, Junjie",2
"Shah, Dhavan","Rogers, Timothy T.",2
"Hu, Junjie","Chuang, Yun-Shiuan",2
"Hu, Junjie","Goyal, Agam",2
"Hu, Junjie","Harlalka, Nikunj",2
"Yang, Sijia","Goyal, Agam",2
"Hawkins, Robert","Harlalka, Nikunj",2
"Wang, Hongyi","Tan, Bowen",2
"Hawkins, Robert","Goyal, Agam",2
"Yuan, Shuai","Yuan, Fei",2
"Yuan, Shuai","Wu, Zhiyong",2
"Zhang, Qi","Gui, Tao",2
"Sahu, Gaurav","Laradji, Issam H.",2
"Goyal, Agam","Chuang, Yun-Shiuan",2
"Harlalka, Nikunj","Chuang, Yun-Shiuan",2
"Harlalka, Nikunj","Goyal, Agam",2
"Suresh, Siddharth","Chuang, Yun-Shiuan",2
"Suresh, Siddharth","Goyal, Agam",2
"Suresh, Siddharth","Harlalka, Nikunj",2
"Suresh, Siddharth","Hawkins, Robert",2
"Suresh, Siddharth","Shah, Dhavan",2
"Suresh, Siddharth","Hu, Junjie",2
"Suresh, Siddharth","Rogers, Timothy T.",2
"Hawkins, Robert","Chuang, Yun-Shiuan",2
"Hu, Junjie","Hawkins, Robert",2
"Rogers, Timothy T.","Chuang, Yun-Shiuan",2
"Rogers, Timothy T.","Goyal, Agam",2
"Rogers, Timothy T.","Harlalka, Nikunj",2
"Li, Jianquan","Chen, Junying",2
"Li, Jianquan","Gao, Anningzhe",2
"Li, Jianquan","Chen, Shunian",2
"Wan, Xiang","Chen, Junying",2
"Wan, Xiang","Gao, Anningzhe",2
"Wan, Xiang","Chen, Shunian",2
"Wan, Xiang","Li, Jianquan",2
"Wang, Benyou","Chen, Junying",2
"Wang, Benyou","Gao, Anningzhe",2
"Wang, Benyou","Chen, Shunian",2
"Wang, Benyou","Li, Jianquan",2
"Yao, Bingsheng","Lu, Yuxuan",2
"Zhang, Shao","Yao, Bingsheng",2
"Zhang, Shao","Lu, Yuxuan",2
"Zhang, Shao","Wang, Dakuo",2
"Xie, Wenya","Wang, Benyou",2
"Xie, Wenya","Wan, Xiang",2
"Xie, Wenya","Li, Jianquan",2
"Wang, Xidong","Wan, Xiang",2
"Rogers, Timothy T.","Hawkins, Robert",2
"Rogers, Timothy T.","Hu, Junjie",2
"Wang, Xidong","Chen, Junying",2
"Wang, Xidong","Gao, Anningzhe",2
"Wang, Xidong","Chen, Shunian",2
"Wang, Xidong","Li, Jianquan",2
"Wang, Xidong","Wang, Benyou",2
"Xie, Wenya","Chen, Shunian",2
"Gao, Anningzhe","Chen, Junying",2
"Gao, Anningzhe","Chen, Shunian",2
"Chen, Shunian","Chen, Junying",2
"Xie, Wenya","Chen, Junying",2
"Xie, Wenya","Wang, Xidong",2
"Xie, Wenya","Gao, Anningzhe",2
"Yuan, Fei","Wu, Zhiyong",2
"Shen, Yue","Gu, Jinjie",2
"Shen, Yue","Liu, Lei",2
"Liu, Liyuan","Gao, Jianfeng",2
"Lin, Han","Bansal, Mohit",2
"Zala, Abhay","Lin, Han",2
"Zala, Abhay","Cho, Jaemin",2
"Zala, Abhay","Bansal, Mohit",2
"Cho, Jaemin","Bansal, Mohit",2
"Ma, Yingwei","Jiang, Yu",2
"Ma, Yingwei","Li, Shanshan",2
"Yu, Yue","Ma, Yingwei",2
"Yu, Yue","Jiang, Yu",2
"Yu, Yue","Li, Shanshan",2
"Zhang, Yuanliang","Ma, Yingwei",2
"Zhang, Yuanliang","Yu, Yue",2
"Zhang, Yuanliang","Jiang, Yu",2
"Zhang, Yuanliang","Li, Shanshan",2
"Li, Shanshan","Jiang, Yu",2
"Lin, Han","Cho, Jaemin",2
"Wu, Fei","Kuang, Kun",2
"Wu, Fei","Sun, Changlong",2
"Li, Bingxuan","Chen, Wei",2
"Tan, Bowen","Shen, Zhiqiang",2
"Tan, Bowen","Neiswanger, Willie",2
"Tan, Bowen","Liu, Zhengzhong",2
"Wang, Siyuan","Chen, Wei",2
"Wang, Siyuan","Li, Bingxuan",2
"Wang, Siyuan","Huang, Xuanjing",2
"Ren, Shujie","Huang, Jen-tse",2
"Sun, Changlong","Kuang, Kun",2
"Wei, Zhongyu","Wang, Siyuan",2
"Wei, Zhongyu","Li, Bingxuan",2
"Cifarelli, Davide","Boiardi, Leonardo",2
"Puppo, Alessandro","Cifarelli, Davide",2
"Puppo, Alessandro","Boiardi, Leonardo",2
"Zhao, Fubang","Kang, Yangyang",2
"Shen, Yelong","Gong, Yeyun",2
"Han, Jiawei","Ge, Suyu",2
"Yang, Xiaoyan","Gu, Jinjie",2
"Wu, Qianhui","Jiang, Huiqiang",2
"Xu, Xiangmin","Wang, Zhenyu",2
"Xu, Xiangmin","Xing, Xiaofen",2
"Xu, Xiangmin","Liu, Qi",2
"Huang, Xijie","Cheng, Kwang-Ting",2
"Choi, Yejin","Bhagavatula, Chandra",2
"Ravichander, Abhilasha","Chandu, Khyathi",2
"Ravichander, Abhilasha","Choi, Yejin",2
"Ravichander, Abhilasha","Lin, Bill Yuchen",2
"Choi, Yejin","Chandu, Khyathi",2
"Lin, Bill Yuchen","Chandu, Khyathi",2
"Lin, Bill Yuchen","Choi, Yejin",2
"Mao, Yuning","Khabsa, Madian",2
"Liu, Lei","Gu, Jinjie",2
"Yang, Xiaoyan","Liu, Lei",2
"Yang, Xiaoyan","Shen, Yue",2
"Xu, Xiangmin","Chen, Yirong",2
"Liu, Qi","Chen, Yirong",2
"Xing, Xiaofen","Liu, Qi",2
"Yang, Yuqing","Qiu, Lili",2
"Wu, Qianhui","Lin, Chin-Yew",2
"Wu, Qianhui","Qiu, Lili",2
"Lin, Chin-Yew","Jiang, Huiqiang",2
"Yang, Yuqing","Jiang, Huiqiang",2
"Yang, Yuqing","Wu, Qianhui",2
"Yang, Yuqing","Lin, Chin-Yew",2
"Qiu, Lili","Jiang, Huiqiang",2
"Xing, Xiaofen","Wang, Zhenyu",2
"Qiu, Lili","Lin, Chin-Yew",2
"Wu, Xiao-Ming","Liu, Bo",2
"Yang, Chenyang","KÃ¤stner, Christian",2
"Wang, Zhenyu","Chen, Yirong",2
"Wang, Zhenyu","Liu, Qi",2
"Xing, Xiaofen","Chen, Yirong",2
"Ren, Shujie","Lam, Man Ho",2
"Zhou, Hao","Sun, Xu",2
"Li, Eric John","Jiao, Wenxiang",2
"Mousi, Basel","Durrani, Nadir",2
"Wong, Kam-Fai","Wang, Hongru",2
"Wong, Kam-Fai","Wang, Zezhong",2
"Han, Jiuzhou","Collier, Nigel",2
"Shareghi, Ehsan","Han, Jiuzhou",2
"Shareghi, Ehsan","Collier, Nigel",2
"Zheng, Zangwei","Xue, Fuzhao",2
"Zheng, Zangwei","You, Yang",2
"You, Yang","Xue, Fuzhao",2
"Wang, Boshi","Sun, Huan",2
"Wang, Xiaohan","Chen, Huajun",2
"Yao, Yunzhi","Wang, Xiaohan",2
"Yao, Yunzhi","Chen, Huajun",2
"Zhang, Ningyu","Wang, Xiaohan",2
"Zhang, Ningyu","Yao, Yunzhi",2
"Zhang, Ningyu","Chen, Huajun",2
"Wang, Zezhong","Wang, Hongru",2
"Xu, Zhaozhuo","Shrivastava, Anshumali",2
"Yang, Xianjun","Wang, William Yang",2
"Zhao, Wayne Xin","Tang, Tianyi",2
"Lee, Kangwook","Lee, Gibbeum",2
"Tang, Tianyi","Huang, Haoyang",2
"Zhang, Dongdong","Huang, Haoyang",2
"Zhang, Dongdong","Tang, Tianyi",2
"Zhang, Dongdong","Wei, Furu",2
"Zhao, Wayne Xin","Huang, Haoyang",2
"Zhao, Wayne Xin","Zhang, Dongdong",2
"Zhou, Jingyan","Meng, Helen",2
"Zhao, Wayne Xin","Wei, Furu",2
"Wei, Furu","Huang, Haoyang",2
"Wei, Furu","Tang, Tianyi",2
"Lu, Yanbin","Chen, Zheng",2
"Zhang, Xiaoying","Meng, Helen",2
"Zhou, Jingyan","Zhang, Xiaoying",2
"Shutova, Ekaterina","Choenni, Rochelle",2
"Mousi, Basel","Dalvi, Fahim",2
"Sheng, Ying","Gonzalez, Joseph E.",2
"Durrani, Nadir","Dalvi, Fahim",2
"Wang, Jianyong","Li, Xiuxing",2
"Wang, Jianyong","Liu, Ning",2
"Liu, Zhiyuan","Cui, Ganqu",2
"Sun, Maosong","Cui, Ganqu",2
"Zheng, Lianmin","Chiang, Wei-Lin",2
"Zheng, Lianmin","Sheng, Ying",2
"Zheng, Lianmin","Wu, Zhanghao",2
"Zheng, Lianmin","Lin, Zi",2
"Zheng, Lianmin","Li, Zhuohan",2
"Zheng, Lianmin","Xing, Eric. P",2
"Zheng, Lianmin","Zhang, Hao",2
"Zheng, Lianmin","Gonzalez, Joseph E.",2
"Zheng, Lianmin","Stoica, Ion",2
"Sheng, Ying","Chiang, Wei-Lin",2
"Sheng, Ying","Lin, Zi",2
"Wang, Jianyong","Dong, Bowen",2
"Liu, Ning","Li, Xiuxing",2
"Liu, Ning","Dong, Bowen",2
"Tang, Xiangru","Nan, Linyong",2
"Lin, Yen-Ting","Chen, Yun-Nung",2
"Xiong, Caiming","Joty, Shafiq",2
"Zhang, Kexun","Li, Lei",2
"Zhang, Yuwei","Shang, Jingbo",2
"Rao, Abhinav","Choudhury, Monojit",2
"Zhao, Yilun","Tang, Xiangru",2
"Tang, Xiangru","Cohan, Arman",2
"Li, Xiuxing","Dong, Bowen",2
"Zhang, Xiang","Li, Senyu",2
"Zhang, Xiang","Shi, Ning",2
"Shi, Ning","Li, Senyu",2
"Han, Shi","Du, Lun",2
"Zhang, Dongmei","Du, Lun",2
"Zhang, Dongmei","Han, Shi",2
"Papailiopoulos, Dimitris","Lee, Kangwook",2
"Papailiopoulos, Dimitris","Lee, Gibbeum",2
"Wallace, Byron C.","Amir, Silvio",2
"Zhou, Xuanhe","Li, Guoliang",2
"Uchendu, Adaku","Le, Thai",2
"Lee, Jooyoung","Lee, Dongwon",2
"Lee, Dongwon","Le, Thai",2
"Wang, Lei","Hu, Zhiqiang",2
"Wang, Lei","Lan, Yihuai",2
"Lan, Yihuai","Hu, Zhiqiang",2
"Lim, Ee-Peng","Hu, Zhiqiang",2
"Lim, Ee-Peng","Lan, Yihuai",2
"Hua, Wenyue","Ge, Yingqiang",2
"Tan, Juntao","Ge, Yingqiang",2
"Tan, Juntao","Hua, Wenyue",2
"Xu, Shuyuan","Ge, Yingqiang",2
"Xu, Shuyuan","Hua, Wenyue",2
"Xu, Shuyuan","Tan, Juntao",2
"Zhang, Yongfeng","Ge, Yingqiang",2
"Uchendu, Adaku","Lee, Jooyoung",2
"Duan, Nan","Chen, Weizhu",2
"Lin, Chen","Chen, Weizhu",2
"Youn, Stephen","He, Yuxiong",2
"Fritz, Mario","Abdelnabi, Sahar",2
"Rogers, Anna","Luccioni, Alexandra Sasha",2
"Tang, Ruixiang","Han, Xiaotian",2
"Qi, Guilin","Hu, Nan",2
"Youn, Stephen","Yao, Zhewei",2
"Youn, Stephen","Wu, Xiaoxia",2
"Lin, Zhenghao","Gong, Yeyun",2
"Lin, Chen","Duan, Nan",2
"Lin, Zhenghao","Lin, Chen",2
"Lin, Zhenghao","Duan, Nan",2
"Lin, Zhenghao","Chen, Weizhu",2
"Gong, Yeyun","Duan, Nan",2
"Gong, Yeyun","Chen, Weizhu",2
"Lin, Chen","Gong, Yeyun",2
"Zhang, Yongfeng","Hua, Wenyue",2
"Zhang, Yongfeng","Tan, Juntao",2
"Zhang, Yongfeng","Xu, Shuyuan",2
"Liu, Zhiyuan","Chua, Tat-Seng",2
"Sun, Tianxiang","Qiu, Xipeng",2
"Fei, Hao","Chua, Tat-Seng",2
"Yao, Yuan","Liu, Zhiyuan",2
"Yao, Yuan","Chua, Tat-Seng",2
"Ji, Wei","Fei, Hao",2
"Ji, Wei","Chua, Tat-Seng",2
"Jiao, Fangkai","Ding, Bosheng",2
"Ren, Ke","Qiu, Xipeng",2
"Li, Jinyang","Hui, Binyuan",2
"Li, Jinyang","Li, Bowen",2
"Li, Bowen","Hui, Binyuan",2
"Wang, Bailin","Li, Jinyang",2
"Wang, Bailin","Hui, Binyuan",2
"Wang, Bailin","Li, Bowen",2
"Sun, Tianxiang","Li, Linyang",2
"Ren, Ke","Li, Linyang",2
"Wu, Chenfei","Liang, Yaobo",2
"Yu, Haiyang","Li, Yongbin",2
"Wu, Chenfei","Duan, Nan",2
"Xia, Yan","Song, Ting",2
"Yu, Bowen","Huang, Fei",2
"Yu, Bowen","Li, Yongbin",2
"Yu, Haiyang","Yu, Bowen",2
"Yu, Haiyang","Huang, Fei",2
"Yang, Jingfeng","Jin, Hongye",2
"Wang, Pengyu","Qiu, Xipeng",2
"Yang, Jingfeng","Han, Xiaotian",2
"Yang, Jingfeng","Hu, Xia",2
"Jin, Hongye","Han, Xiaotian",2
"Jin, Hongye","Hu, Xia",2
"Wang, Pengyu","Li, Linyang",2
"Wang, Pengyu","Ren, Ke",2
"Sheng, Ying","Li, Zhuohan",2
"Zhuang, Siyuan","Zheng, Lianmin",2
"Li, Eric John","Lam, Man Ho",2
"Zhou, Hongyu","Zhang, Xiangyu",2
"Yang, Jinrong","Peng, Yuang",2
"Yang, Jinrong","Dong, Runpei",2
"Yang, Jinrong","Han, Chunrui",2
"Wei, Haoran","Ge, Zheng",2
"Wei, Haoran","Sun, Jianjian",2
"Wei, Haoran","Peng, Yuang",2
"Wei, Haoran","Dong, Runpei",2
"Wei, Haoran","Han, Chunrui",2
"Zhou, Hongyu","Zhao, Liang",2
"Zhou, Hongyu","Ge, Zheng",2
"Zhou, Hongyu","Yang, Jinrong",2
"Zhou, Hongyu","Wei, Haoran",2
"Zhou, Hongyu","Sun, Jianjian",2
"Zhou, Hongyu","Peng, Yuang",2
"Zhou, Hongyu","Dong, Runpei",2
"Yang, Jinrong","Sun, Jianjian",2
"Yang, Jinrong","Wei, Haoran",2
"Yang, Jinrong","Ge, Zheng",2
"Zhao, Liang","Ge, Zheng",2
"Zhang, Chi","Sun, Ruiyang",2
"Zhang, Chi","Wang, Yizhou",2
"Zhang, Chi","Yang, Yaodong",2
"Meyer, Lars-Peter","Frey, Johannes",2
"Meyer, Lars-Peter","Bulert, Kirill",2
"Frey, Johannes","Bulert, Kirill",2
"Zhao, Liang","Yang, Jinrong",2
"Ge, Zheng","Dong, Runpei",2
"Zhao, Liang","Wei, Haoran",2
"Zhao, Liang","Sun, Jianjian",2
"Zhao, Liang","Peng, Yuang",2
"Zhao, Liang","Dong, Runpei",2
"Zhao, Liang","Han, Chunrui",2
"Zhao, Liang","Zhang, Xiangyu",2
"Zhou, Hongyu","Han, Chunrui",2
"Sun, Jianjian","Ge, Zheng",2
"Zhuang, Siyuan","Chiang, Wei-Lin",2
"Sun, Jianjian","Peng, Yuang",2
"Jiang, Feng","Fan, Yaxin",2
"Li, Haizhou","Jiang, Feng",2
"Yao, Bingsheng","Hendler, James",2
"Wang, Dakuo","Hendler, James",2
"Zhou, Hao","Meng, Fandong",2
"Singh, Chandan","Gao, Jianfeng",2
"Zhou, Jie","Zhou, Hao",2
"Zhou, Jie","Lin, Yankai",2
"Zhou, Jie","Meng, Fandong",2
"Zhou, Jie","Sun, Xu",2
"Sun, Xu","Meng, Fandong",2
"Thakur, Nandan","Lin, Jimmy",2
"Lam, Man Ho","Huang, Jen-tse",2
"Lam, Man Ho","Jiao, Wenxiang",2
"Li, Eric John","Huang, Jen-tse",2
"Zhang, Min","Zhang, Meishan",2
"Okazaki, Naoaki","Koike, Ryuto",2
"Koike, Ryuto","Kaneko, Masahiro",2
"Han, Chunrui","Dong, Runpei",2
"Sun, Jianjian","Dong, Runpei",2
"Sun, Jianjian","Han, Chunrui",2
"Peng, Yuang","Ge, Zheng",2
"Peng, Yuang","Dong, Runpei",2
"Peng, Yuang","Han, Chunrui",2
"Han, Chunrui","Ge, Zheng",2
"Zhang, Xiangyu","Ge, Zheng",2
"Yang, Chenyang","Wu, Tongshuang",2
"Zhang, Xiangyu","Yang, Jinrong",2
"Zhang, Xiangyu","Wei, Haoran",2
"Zhang, Xiangyu","Sun, Jianjian",2
"Zhang, Xiangyu","Peng, Yuang",2
"Zhang, Xiangyu","Dong, Runpei",2
"Zhang, Xiangyu","Han, Chunrui",2
"Zhang, Chi","Bian, Ce",2
"Zhang, Chi","Pan, Xuehai",2
"Zhang, Chi","Dai, Juntao",2
"Zhang, Chi","Liu, Mickel",2
"Zhuang, Yonghao","Wu, Zhanghao",2
"Zhuang, Yonghao","Lin, Zi",2
"Zhuang, Yonghao","Li, Zhuohan",2
"Zhuang, Yonghao","Xing, Eric. P",2
"Zhuang, Yonghao","Zhang, Hao",2
"Zhuang, Yonghao","Gonzalez, Joseph E.",2
"Zhuang, Yonghao","Stoica, Ion",2
"Lin, Zi","Chiang, Wei-Lin",2
"Lin, Zi","Li, Zhuohan",2
"Lin, Zi","Gonzalez, Joseph E.",2
"Li, Zhuohan","Chiang, Wei-Lin",2
"Li, Zhuohan","Gonzalez, Joseph E.",2
"Xing, Eric. P","Chiang, Wei-Lin",2
"Xing, Eric. P","Sheng, Ying",2
"Xing, Eric. P","Wu, Zhanghao",2
"Zhuang, Yonghao","Zhuang, Siyuan",2
"Zhuang, Yonghao","Sheng, Ying",2
"Zhuang, Yonghao","Chiang, Wei-Lin",2
"Zhuang, Siyuan","Gonzalez, Joseph E.",2
"Zhuang, Siyuan","Sheng, Ying",2
"Zhuang, Siyuan","Wu, Zhanghao",2
"Zhuang, Siyuan","Lin, Zi",2
"Zhuang, Siyuan","Li, Zhuohan",2
"Zhuang, Siyuan","Xing, Eric. P",2
"Zhuang, Siyuan","Zhang, Hao",2
"Zhuang, Siyuan","Stoica, Ion",2
"Zhuang, Yonghao","Zheng, Lianmin",2
"Wu, Zhanghao","Chiang, Wei-Lin",2
"Wu, Zhanghao","Sheng, Ying",2
"Wu, Zhanghao","Lin, Zi",2
"Wu, Zhanghao","Li, Zhuohan",2
"Wu, Zhanghao","Gonzalez, Joseph E.",2
"Wu, Zhanghao","Stoica, Ion",2
"Xing, Eric. P","Lin, Zi",2
"Xing, Eric. P","Li, Zhuohan",2
"Xing, Eric. P","Gonzalez, Joseph E.",2
"Shi, Shuming","Lyu, Chenyang",2
"Mahoney, Michael W.","Keutzer, Kurt",2
"Keutzer, Kurt","Gholami, Amir",2
"Keutzer, Kurt","Dong, Zhen",2
"Wang, Longyue","Lyu, Chenyang",2
"Wang, Longyue","Shi, Shuming",2
"Wang, Longyue","Tu, Zhaopeng",2
"Tu, Zhaopeng","Lyu, Chenyang",2
"Mahoney, Michael W.","Kim, Sehoon",2
"Nguyen, Xuan-Phi","Bing, Lidong",2
"Zhang, Chao","Wang, Kuan",2
"Yao, Wenlin","Chen, Jianshu",2
"Zhang, Hongming","Yu, Dong",2
"Yu, Dong","Chen, Jianshu",2
"Zhang, Chi","Ji, Jiaming",2
"Mahoney, Michael W.","Gholami, Amir",2
"Kim, Sehoon","Keutzer, Kurt",2
"Xing, Eric. P","Stoica, Ion",2
"Zhang, Hao","Gonzalez, Joseph E.",2
"Zhang, Hao","Chiang, Wei-Lin",2
"Zhang, Hao","Sheng, Ying",2
"Zhang, Hao","Wu, Zhanghao",2
"Zhang, Hao","Lin, Zi",2
"Zhang, Hao","Li, Zhuohan",2
"Zhang, Hao","Xing, Eric. P",2
"Zhang, Hao","Stoica, Ion",2
"Kim, Sehoon","Gholami, Amir",2
"Gonzalez, Joseph E.","Chiang, Wei-Lin",2
"Stoica, Ion","Chiang, Wei-Lin",2
"Stoica, Ion","Sheng, Ying",2
"Stoica, Ion","Lin, Zi",2
"Stoica, Ion","Li, Zhuohan",2
"Stoica, Ion","Gonzalez, Joseph E.",2
"Wang, Dakuo","Lu, Yuxuan",2
